"","Hd0_1","Hd0_2","Hd0_3","Hd0_4","Md0_1","Md0_2","Md0_3","Md0_4"
"NFIL3",9.31302184850846,9.25852170999431,9.42427193729658,9.04082436174077,10.9684601462355,11.1029912953943,11.183794812005,11.0443229652067
"TGFB2",9.25907746864002,8.72550777650303,9.19511696448392,9.28812797389138,10.5781089670126,10.8415295981257,10.9138413990047,10.7442400187445
"HMGA2",11.343471925351,11.0602130647838,11.4804702950403,11.4865716129612,8.51680824721648,8.5842205805915,8.65376103602003,8.78253258998157
"ESM1",7.96214752867208,8.5646463685469,8.32234092636708,8.54346958488856,3.13526222448619,2.0391279555221,4.2669435805765,2.71220714816193
"COL1A2",15.2968955052794,15.1977725957677,15.269144385408,15.2819641089031,15.3288750949847,15.4758170610404,15.5730124704099,15.4202874990686
"PSAT1",10.2877964045769,10.1297842313115,10.4478209444382,10.3683871435136,14.0649806943515,14.0209707520519,13.9896981844771,13.9668995110185
"CDCA7",8.95588621442947,8.76802564561132,8.79428918047067,8.60652020544798,9.80175256378679,9.68443362276621,9.58684558515131,9.52285582120987
"HJURP",11.3110172483791,11.1587194482954,11.4008477584645,11.3217128311265,11.6353869300656,11.8173758285939,11.6439125575446,11.8307677082011
"IL1R1",9.94551819266702,9.59009258459266,10.0758415128999,10.0274580989666,11.0858791316375,11.1978965459625,11.1897601177952,11.1414212224032
"ARL5B",8.61829786394281,8.16667668986753,8.61996718365192,8.76085587076576,7.99830953824308,8.30183057956241,8.26862946213765,8.37429021799044
"CKS2",13.6448292868457,13.7823892327566,13.5592734386638,13.6490522100464,13.7005141369586,13.2386447491445,13.3151354902501,13.4849775782764
"PBK",11.8784630871878,12.0154117980429,11.804602295927,11.8881570265004,12.2449900891119,11.9602214452518,12.0159526164493,12.0691863084281
"E2F1",11.2187326504116,11.340750533398,10.9268548431787,11.0641999330462,9.98699430960204,9.82442413741859,10.0161561990445,10.0507402689499
"FAM222B",9.40838551842679,8.92406231600141,9.46489460075662,9.31226117516441,8.64187824596797,8.80005863921873,8.69379473043498,8.63989478422229
"SLC40A1",7.92684591585917,7.41088032972305,7.98499136849319,7.99275076796883,9.10672653390044,9.2974853812307,9.18275281392746,9.1983512802249
"COL8A1",12.6121234455944,12.2002049851809,12.6619789657587,12.5852457912278,11.1122476433448,11.1714376763559,11.2820339269587,11.2547974915963
"RFC2",10.9503567590766,11.3384752568065,10.6931472134963,10.810499039275,10.24683961459,10.0420798620722,10.0820425942035,10.0455918951097
"IKZF2",5.59345059742506,5.62051583070774,5.71358015574037,5.59536983327755,7.85539842801194,7.89813323320894,8.09661579449978,7.78860315228605
"ADAMTS12",10.1846871948923,9.40110000042485,10.1437116582402,10.239362064631,9.35283574382282,9.749724430042,9.59087539894481,9.6150816616232
"CDK6",10.3247193684325,9.4360486429197,10.5791187351711,10.4031857226221,8.75322369860563,9.02976390863668,9.03102596805616,9.15529179068986
"HAS1",9.30443614047313,9.59948935969517,9.31460639523381,9.19117665195302,8.290050132072,8.38561261661206,8.37546514361884,8.43085346166694
"CDT1",9.74615869682073,10.422211209511,9.81962507994982,9.72355105041982,9.52682114624069,9.42724753082625,9.50031683414672,9.32568261613665
"TP53INP2",9.48070461718394,9.15741904394236,9.39864526243168,9.3561484190074,10.4747252405704,10.5214231581178,10.6899096898033,10.5508566503545
"SLC38A2",14.0295301382988,13.4749517621427,14.1220005973045,14.1024156143546,13.1346284491258,13.1884550089187,13.1137028569061,13.2304809382833
"STRADB",12.1566407310034,12.028170385941,12.1979923627728,12.0721192222777,8.71011759811437,8.93778636691244,8.58116432310367,8.83412186764282
"SSRP1",11.6160533554459,11.8253976502413,11.5890003512818,11.5811373975188,12.735395744048,12.6731618320556,12.6931609240057,12.6682476923626
"TXNIP",11.6520724249034,11.6667590750928,11.9522428244244,11.6760039895107,13.7095958215173,13.7200553952162,13.763964787311,13.7048767273972
"RNF44",8.40184096863858,8.15750614364611,8.26151032160467,8.20803080469637,9.28430467402651,9.47793295802881,9.42952410330601,9.35585149040854
"KLHDC3",11.1782700090028,11.4309293833194,11.1528181669025,11.0499188815793,11.2314194290531,11.1977260029379,11.177406335304,11.1920968390793
"GLT8D2",10.6443458099443,10.5665183764684,10.7502404097523,10.6701719649221,8.25064979410578,8.06090239171722,8.07124824611326,7.87956008563134
"USP1",10.8237739179068,10.6690449765206,10.8120809009404,10.9610741497347,11.0808874798409,11.0186918990774,11.1551947402252,11.0407483375482
"RCC1",10.7294445194763,10.8058703423948,10.8303695293216,10.816418470746,10.3215076252665,10.2248272014228,10.220303594812,10.3684759466871
"DCP2",8.05022085005949,7.67341652958771,8.1450288030447,8.30376045641668,9.52826570077914,9.3941860871146,9.46169686970049,9.53469408770872
"EIF4EBP2",11.0115309459852,10.5064369124776,10.9710267794664,11.0377678093767,10.6101328662521,10.6309379148149,10.6759854956233,10.7396274934409
"ATXN7L3",10.485914770132,10.2961626910772,10.4736410994292,10.4878539083078,10.3995630561948,10.437237453329,10.562790450344,10.5623358896292
"THBS1",16.2332034343602,15.5506434424194,16.2603658288177,16.306543598664,15.2656272731408,15.6174223507101,15.5576530318328,15.5461582440645
"SHMT2",11.6235890040826,11.8138649025558,11.4589565642275,11.5461651658083,13.6352158140491,13.6513840076377,13.4829500885873,13.5471510537921
"KIAA0319L",10.0085168868943,9.84139064073998,10.0737573743571,9.97682295107225,10.656474991782,10.9936938263554,10.9743149007484,10.8709081685169
"PTGES3",13.1971605348583,13.4482797041424,13.2293241432697,13.2532635317353,12.9865313895024,12.7046759025838,13.0460260274241,12.9121325731899
"ZDHHC7",11.4638971615544,11.3544748781988,11.3504879544559,11.4664284294688,9.55354349442947,9.61480931820596,9.7287414645832,9.69001319917026
"CEMIP",9.38861703156261,8.5273625984061,9.25504047309257,9.47005653561437,7.04481292583102,7.41174957703721,7.22777030081849,7.31536381166331
"TFAP4",6.80854843592206,7.04594437432382,7.08667200912669,6.84978748176117,7.91226945793277,7.86587503281241,8.10140511395985,7.98984786951437
"KLF9",9.62065044613268,9.58328653618872,9.74331820097543,9.71996757574454,9.66438208754875,9.79136429151768,9.76393104201855,9.71877599295253
"PHGDH",9.18874503569328,9.72832608543808,8.98823303972596,8.9998328537947,14.3511573775547,14.3154494830431,14.2201089207243,14.2021407349313
"COL1A1",15.9691398200437,15.8756167819488,15.9352437748674,15.9486288610805,13.6181461902959,13.9690022567185,14.0021143425814,13.8825505753698
"HIPK3",9.90249391675837,9.02312194838687,10.2028811104097,10.1973396234126,9.89060173929871,10.0041743851077,10.1445814962995,10.0796381721407
"PLXDC2",7.37017679477198,6.67879423214758,7.05898678757809,7.1037284478935,3.20574616439401,2.82822113985771,2.89293007889662,3.71732505313076
"ATXN7L3B",9.81333709967065,9.57108558169753,9.88690488187082,9.98582420573135,11.6981241902327,11.7311698959861,11.785763387865,11.6865713325174
"DLGAP5",11.3235490146637,11.1739718094836,11.3278666359772,11.2746238896464,10.4189709836422,10.4494396215863,10.4681110908384,10.5296709067693
"PSIP1",10.2857137150913,10.2547158495272,10.3924902477136,10.3120660509487,11.8993819112032,11.872462741368,11.9151715757341,11.924763017815
"HADH",8.56975838609761,8.65898710372443,8.67392969757998,8.52491369326222,11.2563275633205,11.1666007264003,11.0241070278039,11.134287003567
"PPP2R1B",9.72177745590785,9.45116847354957,9.69706037586346,9.7563911849815,10.0824329497875,10.284681156473,10.2743105662226,10.3197853831841
"CITED2",13.7150811830377,13.7272264145435,13.6226263606603,13.6116077464376,13.5517420967263,13.642511561418,13.5215562168251,13.5876436773593
"PCLAF",9.61577635380051,9.96450549661783,9.65449420639772,9.34015111800566,11.3040029912604,11.1565997654482,11.2200025458766,11.2335082260423
"NUP62",10.6203634268404,10.6065808078817,10.5938279862308,10.5922700853489,11.577454839664,11.5225291307304,11.4658010522622,11.4762595287535
"HMOX1",12.5842690128151,13.0193689427771,12.8579397838249,12.5337962445113,11.4671553856856,11.1957263327183,11.0740791751526,11.4370349043658
"TMEM119",7.4448744780926,8.03006656461677,7.4837727092633,7.89024980097116,11.1332967308546,11.1141693986378,11.0176272755445,11.0870284844978
"EXOSC2",9.77108155468582,10.0765511226171,9.71030935899225,9.62497507892028,9.58677246903278,9.36716774043488,9.33780789507581,9.42307847179708
"SESN3",7.18573003849094,6.4680851443557,7.2465831482424,7.29331922505256,9.55364408499436,9.72641121516509,9.67332621382356,9.77881002400708
"C9orf40",9.99571051322307,10.3939174139774,10.0309978051179,10.0320451643284,10.628596866971,10.3484692280391,10.3506419584676,10.6056628262366
"DNAJC27",6.64772481657953,6.52319624107491,6.99051595802176,6.94616622548892,7.55610829914638,7.51578084907295,7.33521783532724,7.51534659282691
"GTSE1",10.8204875093163,10.4087674846125,10.6819913711301,10.7225662287372,10.6955835934524,10.5963365032207,10.5331166471568,11.0059915269983
"RANBP1",11.6488404887298,12.246644856911,11.584891385606,11.611785854311,11.6442736508532,11.2490427047809,11.4901368792862,11.3671009972128
"TMEM97",9.48931623438755,9.66031762011907,9.54589324742305,9.33418703235546,12.5549733426192,12.3255619073275,12.4193686685901,12.4688794846489
"FRY",5.65730181578229,5.54950619609886,5.6332753929484,6.01116950537904,0.450116930103991,1.77106326449351,1.74860191699575,0.984971219859839
"SUDS3",10.0682227108013,9.81632266431537,10.0029728520214,9.95291897329519,9.64562209962699,9.55218071303149,9.53082869399741,9.62281526649898
"CHFR",8.00272586429717,7.67643654112595,7.83931550423401,7.87331020118688,9.88027957167174,10.0154442608244,9.87071704490561,9.92298806795427
"DAB2",10.8622619960905,10.403625741639,10.926691281847,10.7482750874668,10.6700130126003,10.8351181363745,10.8238092824284,10.9878389245072
"WDR5",11.0372747717881,11.0247880085303,10.9584069467354,11.007230348494,10.0890896477866,10.183130848977,10.3535854157979,10.021955873591
"GOLGA7",11.0421707466758,10.7650829300225,10.9850740990364,11.0687438743531,10.3282243188051,10.2449575724814,10.2038596655768,10.2611973200216
"REV3L",8.7920333973317,7.94676410285872,9.13852705512458,9.01262868658791,9.33737098554706,9.5702555198557,9.42767903855013,9.59310867744382
"SOCS5",9.39049242210302,9.16477101418862,9.4723749178985,9.43555534710334,10.9121786158645,10.8469078523506,10.8531595812403,10.7966939840315
"SDC4",12.7880942208936,12.7770802485377,12.714936110712,12.7482564807595,12.1682917094859,12.0445832931546,12.1597369802728,12.055057620998
"HSPD1",13.3774023888741,13.4830725785604,13.3610918388689,13.4209902271553,14.3448161303326,14.2246766195078,14.3561860777461,14.2288880801242
"P4HA1",12.5043403042267,12.4350695033053,12.693532431159,12.5389650626795,14.294911242554,14.2080960443172,14.2277956881826,14.2741708161586
"CHST1",8.2968008670004,8.58666665693915,8.72967328489717,7.91602559102416,11.480475414177,11.5038698407091,11.4402296871566,11.5234570110894
"SKP2",10.5168309046941,10.1305319270149,10.6285915947706,10.7239292328391,9.16321837842038,9.24226773796593,9.27507270313832,9.32586421783107
"PTBP3",9.84804783697536,9.24655341062796,10.0389072975021,9.98613483948626,11.7987694588703,11.7895056083879,11.8476903516126,11.9124954265066
"PLPP3",9.90331925404737,9.91394872885185,9.96529241952703,9.94097906409323,10.5777627334692,10.5916593507395,10.6295074554762,10.7831182415984
"UGCG",12.2930378798792,11.9464631079324,12.3631187830999,12.3339163781474,12.6532835232304,12.5358259044762,12.7403608980309,12.7045157624977
"AK4",10.4908039908504,10.3707543046832,10.7882024102973,10.522905446139,9.52833802939671,9.21277111995834,9.38137118797199,9.40327735945173
"ZBTB18",9.72810041400219,9.40849744961057,9.54399500774169,9.67880409362405,10.5823696947155,10.6784587592912,10.5307743885221,10.5032535429562
"FKBP4",10.6343071043709,10.8813854995691,10.5903028978459,10.5978621219936,13.2573775812194,13.0859572565205,13.1348296723267,13.0738664579536
"CCDC80",12.8730078451251,12.6590359297169,12.8849982610383,12.9052671441889,13.2494560861709,13.3971816995337,13.4303542931255,13.2676541604613
"DTL",10.345134354196,9.86686276069608,10.2128896853939,10.3326616088184,8.11953813249112,8.21381444521797,8.20498128350566,8.17580636605542
"CCBE1",12.0813907717006,11.8493938508558,12.0106786708831,12.0949907839013,6.1669857182797,6.57793490123471,6.44276539007137,6.40706407992544
"MCTP1",7.50857538160772,7.33131319095172,7.90544881060432,7.72603289949694,6.72636456565367,6.91412566118184,6.75438260900949,6.46696202771783
"F2R",10.1138390297215,9.67821930320661,10.2457289060555,10.2837857421118,12.6613363140582,12.6386545248387,12.632864445085,12.6191485090983
"CBR3",7.85197706262601,8.36047506423872,7.07178681340597,7.22617585540522,10.6205260994783,10.4538607342648,10.432669806438,10.6211755466134
"SAE1",12.8310879297121,12.8605089750198,12.6694712572472,12.7357965477619,12.3052574007646,12.1560404846315,12.2925632992977,12.2180196348172
"EXTL2",10.5313983649539,10.4679215639555,10.6578297284725,10.5255657455168,10.2233718595094,10.1843959223025,10.0975649776598,10.1412961676466
"DPY19L3",8.74060950090299,8.03283640721898,8.9684261118536,8.88959058464811,8.70254829388215,8.89235825851049,8.70531077364063,8.90978348253743
"SLBP",12.2256320348523,12.6073449072802,12.2485670559998,12.1267229243198,9.86371694715949,9.42275217173271,9.53263779723243,9.58607002158313
"TET2",7.300761923955,6.13431379399411,7.5473677418257,7.45042807264806,8.10364607426515,8.59835098717966,8.37199162957533,8.39437360796804
"ADAMTS7",10.608765527219,10.5132658921904,10.5176271133749,10.5769521069095,10.2010482597827,10.6027902281067,10.3513492911129,10.4778139445043
"RFC5",9.56530382334219,9.26343358317829,9.33660595996255,9.38529105237265,9.50511280447955,9.40608304543612,9.35482117037115,9.35417065832293
"FBN1",12.5866740601757,11.5739790872035,12.6454475097867,12.6951116638015,12.3608144350923,12.8959538351747,12.8005693709036,12.7262842942085
"SNRPD1",10.5197724154608,10.8685842019115,10.3514433365045,10.4166379094911,11.7425318827631,11.6155630351148,11.5017813335902,11.658622790214
"MRPL15",12.5727828480028,13.1028325146368,12.5839164967204,12.6881714476673,9.16891843845667,8.80435584403841,8.88920834623515,8.83351904417167
"DNAJB9",10.2658252829533,10.0690873794826,10.2389761447722,10.1520888252755,10.0309229281003,9.82652786062477,10.0628648892076,9.85328023380625
"POLR1E",10.3373542236907,10.5108254154666,10.1532170170869,10.340925085355,7.90582641281346,8.12741050391549,7.95997036411721,8.40691525982866
"MBD5",6.52704090589088,6.05216393012759,6.87556000998062,6.67495544445903,7.52770127649463,7.81419146943529,7.78033080335652,7.69952649990763
"MAD1L1",8.92162197899118,9.68161277604091,8.95648827461188,8.92621098517716,9.89686532736058,9.81087716903806,9.71746118467873,9.84063523575506
"TRPS1",7.56197651238394,6.87544070270889,7.69591371876517,7.57589930955188,9.3878917415837,9.55666078037907,9.61003428693245,9.5898328556967
"EPDR1",11.4265295599402,11.4541467391108,11.4596020035183,11.5265224701906,12.4262975511907,12.316474826616,12.2771972757209,12.3389749980811
"GALNT7",10.8676347504164,10.427063824652,10.903851031636,11.0382487459712,9.08587111616322,9.06632379252002,8.87201007314247,9.2929224675441
"BRI3BP",8.73527299886072,8.69053535942577,8.68092418939436,8.82148815814444,10.0469736518179,9.99755393526423,10.0132426241408,10.0043670724135
"RMND5A",8.69890990796979,8.30271521631068,8.62638072568679,8.81207177937232,10.4366441733388,10.6506978702925,10.6084536223148,10.6056166176067
"THOP1",10.3747881757894,10.9004091918489,10.2400858388587,10.3998012598358,10.0862103123381,10.0313128041779,9.93216954075874,10.0613572528383
"SLC46A3",9.02566144113868,9.02251034108347,9.23433276373856,9.21000064845363,7.78998268939291,8.30106733248307,8.16879422336566,8.31479733387909
"PNISR",10.2846626878065,10.0692543053294,10.4007898754916,10.1879845950602,11.6729327555593,11.7329838858924,11.7170406533588,11.8186494992427
"SYTL2",9.13460578563929,8.97772591935877,9.20186337585011,9.05255265274178,7.42716324285938,7.54036871652318,7.92036316372467,7.83347061554852
"DAAM1",6.91308403528951,6.36517604906643,6.73760997220195,7.05740104241501,9.45014422913895,9.72314929658856,9.7909170070694,9.57686510441383
"SESN1",9.22408802216634,9.51473206983933,9.54383705167013,9.31560529654227,11.9747368093319,11.9847202258767,11.9531465621756,11.9589757247889
"KCTD10",10.4628814010788,10.3178426415131,10.5113777528123,10.438184577711,11.0429423273718,11.1584471481473,10.9769195799505,11.0212059722517
"MMAB",8.23010162575284,9.05577001463474,8.17429350220414,8.02337592420785,10.5171512546175,10.5693340628677,10.4903213041318,10.652613548667
"NOP58",11.2678951419985,11.4509327285634,11.4041197352911,11.350718832399,9.90721809620377,9.78037301921901,9.89049158614202,9.74626507918805
"MBTD1",7.03222725565279,6.78779225427338,7.13059762618001,7.53452274052279,8.1556118323292,8.10493881085936,8.34268713010672,8.1836134618987
"ATIC",11.6458849088586,11.9171675795813,11.5841811083626,11.5806152177537,10.7450609063335,10.644002164355,10.6570954578734,10.628753549491
"VPS54",9.64629925917382,9.40428983447841,9.76320333727521,9.62466856320367,9.50734508925609,9.60305470770844,9.62881683623472,9.6449124954743
"CACYBP",11.2003518162428,11.2984218237024,11.1089883074569,11.1730606033561,12.5058073910478,12.2274163902572,12.2718935220063,12.1698913246704
"PEG10",11.9543227747193,11.3940159121871,12.0516324851983,12.0189973885833,10.5232354432076,10.4635675938534,10.5483053810777,10.6096720633008
"RUVBL2",11.9140090250946,12.5563308860755,11.7170494106999,11.7727571396947,11.6120590018994,11.5748581388913,11.3371503949174,11.4949555565291
"KHDRBS1",12.5890384511653,12.634368489536,12.6917810586563,12.647334484891,11.7341077522238,11.7326023461148,11.8879083525624,11.8122670942678
"CXCL3",7.0946172774939,7.59826418892418,7.39703628265262,7.40136124932035,14.0454228121247,13.9627058540159,13.8657440239739,13.9086539863845
"CDK8",9.56560691630582,9.21931608269843,9.43061045185579,9.4087808315108,9.48923993605741,9.45078041341571,9.33810238349709,9.4514147543775
"CXCL12",6.48384460292962,5.93712587695144,5.93655595615783,6.3104349554284,13.7581118546787,13.8304491436035,13.9089128915441,13.8311595124402
"EIF3D",12.6208289234867,12.8234472954681,12.6347960035195,12.5919857883614,11.8701221249508,11.7557454765985,11.7931158242279,11.7225218685151
"SMYD5",10.1667039071082,10.3039244727552,9.97696299606896,10.0674282946304,9.40604234781829,9.59769271951805,9.47260191147399,9.29611447517102
"CREBL2",10.4433851880415,10.4398083426064,10.4943509103718,10.3155426659551,7.94271203133163,8.05892091058525,8.17604898493394,8.04739508397127
"DNAL1",7.55366907593061,7.80211520368531,7.91431031043749,7.7792185004478,8.72733918536866,9.01153791990311,8.85636541515092,8.99433079846527
"RAD51D",7.48926426694667,7.29754077514433,7.29153927275212,7.66973610818508,8.8964410844836,8.71655421848922,8.42482985842198,8.81929679532324
"SEMA3C",11.4757090991655,10.8532529448718,11.6156158913259,11.4574621268038,6.92409538128304,7.3975218483584,7.62284554554258,7.22321359659347
"CCT4",13.075739140451,13.400373730866,13.1475187333683,13.1005776965571,13.5625166764857,13.3789385818785,13.4982270789015,13.451815518766
"CCNG1",12.7960467173944,12.9269083116717,12.8365412170263,12.7573264589021,13.0146800167848,12.7951359830228,12.9350527969931,12.9024470126502
"ZNF385A",7.69320175794167,8.14179379811214,8.13612300871043,8.08785027403382,9.49729172443937,9.68248772605919,9.40831600022047,9.61168567397833
"SPRED3",8.70636401167885,8.60932766418223,8.36046124034364,8.55505197664779,8.21147802559681,8.53211112682174,8.05635425993042,8.56187221839791
"SPCS3",11.4176886742588,11.071370514195,11.4218360620518,11.5041728798048,9.14884968186542,8.8072809338922,9.02649170120153,9.05307872155772
"DBF4",9.65898709919021,9.73270557386839,9.82888607034187,9.55673553175538,9.98364224099079,9.7297532605295,9.74598668708989,9.78614545153389
"MMS22L",6.95253821392933,6.60509432003156,7.0359650602479,7.15968586871096,8.37085541820583,8.40833668288675,8.48919573493999,8.58907418210172
"KDM3A",8.83049279146208,8.33175824207878,8.88676731501409,8.77603214642963,10.0107094965285,9.9981002189474,9.97128336708685,10.1390908926753
"ST3GAL5",7.82348535770256,8.29085052783425,7.94185655980266,8.05513434726104,11.9315792653063,11.8495094743597,12.0093269209258,12.0146256874984
"IFRD2",10.5986804983647,10.8859338643599,10.3143145511512,10.7485318793943,9.97166206488897,9.81176194746923,9.74374625509683,9.77921145218124
"SMYD4",8.63277474306745,8.65256038945401,8.45748501791991,8.6623131494882,9.84557229288889,9.67377880761192,9.92055972745706,9.95166052384148
"RBMX",12.0054966471566,12.0851675423794,12.0334516707063,12.1003349755195,10.5238320226859,10.528475651649,10.4914662610241,10.6272593731805
"TIMM10",11.8292141523879,12.3799617756092,11.4336226776702,11.479137073892,9.65411865734762,9.46999699872811,9.51734704895114,9.43133134593238
"GINS3",7.82395391126912,8.16710574441857,8.1831388743983,7.66443338047406,9.54957225470599,9.17083932784712,9.11471585220952,8.97712513658092
"TRIM44",10.2577673179422,9.76753995944112,10.3676379813605,10.3132461175819,10.711823804124,10.8623221983536,10.8456070334844,10.6930117574586
"XRCC6",13.8708646302546,14.2512599089976,13.9041657969728,13.883369184287,10.9741242488773,10.9605392949424,10.8562189090287,10.901799829303
"CDC42SE1",11.3445787415185,10.8740210832321,11.2715501542105,11.2264426398096,11.1540552027031,11.0578781760078,11.1380535262786,11.0761444189143
"CLSPN",10.0183155806943,9.17920021411346,9.84622127286807,10.0267411558716,9.08257432409749,8.96096874087101,9.17717364208047,8.99849771200652
"ATAD3A",11.2833891431405,12.0977033889867,11.2192514541981,11.1632022168519,10.0894905291937,10.139262837854,10.0029027667133,10.0524293112646
"COMTD1",8.46146170571524,9.22241908993443,8.67509576012081,8.06244506374911,6.69296926610288,6.83963288099485,5.97689583125612,5.98797632057477
"MRTO4",11.3872013389797,12.1896485837558,11.3301449339887,11.2707098953828,10.3782041371303,10.3287746626507,9.90863937618701,10.1484283748569
"TIPARP",11.9852152260848,11.4926838083851,12.0967779270765,12.071019218321,10.3803943892511,10.315709191217,10.4017233703487,10.5274911869056
"PSRC1",10.4820335841765,10.7577507192511,10.3826972602946,10.4736275979656,11.2936896590519,11.1249947599286,11.019928041726,11.1741855117441
"NLK",8.92357147390583,8.45050605996669,9.14724420262705,8.72131549394147,8.42930361297235,8.49259546568932,8.45841219279898,8.52637609916292
"CNOT6",9.6071358855416,9.00751632970844,9.78435195539016,9.76462738870355,11.0698882876387,11.1050305943023,11.2692432339956,11.2096632228894
"SHLD2",9.739336758809,9.91281492955837,10.0214949642428,9.99560198417493,7.66497523503481,7.60427223176875,7.72085052825738,7.55122422381155
"RBM14",10.5507226535674,10.3960392639368,10.6911055410595,10.4320168301766,9.48897873477542,9.40552383177176,9.20847254847457,9.31315823293052
"C15orf39",7.27980616746169,7.47986851719053,7.09027194842041,7.28329538187492,9.27277339696212,9.38528627155357,9.18850658133294,9.33187923606043
"NECTIN3",10.4052821303421,10.1146492165904,10.4749987502679,10.5515616941239,8.15990089318515,8.14415897276661,8.09534176374223,8.1692106379133
"C3orf20",0.877387599285006,1.37924786229524,0,0,1.63386829349984,0,1.51046404349368,1.93086371207482
"GFPT1",10.9224737286842,10.5584883183272,10.9369424204328,11.0240840633579,10.6784900057233,10.7679716668589,10.7592340196918,10.856039011745
"CAV2",12.3753280629445,12.5235442407635,12.3061247053624,12.3414027313187,12.1019495673772,11.9787760934579,12.0542992850147,12.0690400096336
"ZC3HAV1L",9.56288202421939,8.8465580487268,9.4114776512904,9.65193130023435,8.16928209184379,8.07631621770001,8.20585520565452,8.27046880213031
"GGPS1",7.83381058785453,8.32988943618128,7.95638539512653,7.994476881693,9.84973571490591,9.71696389695585,9.99696256794712,9.76570040325034
"SLC38A4",10.8713264436035,10.2762493031134,10.9501503455313,10.9847710805678,6.27871091391162,6.77699817957778,6.187062962476,6.74933781953952
"SNAP23",7.65920783642072,7.15675457148541,7.75183185444625,7.70133283486351,10.4949742974526,10.5663662596166,10.6349966819992,10.7528210751033
"TXNDC2",2.15279718956294,0,3.66834137715513,3.07525775046531,1.9027026133752,3.43914612484154,3.79094774757107,3.291454880369
"GAMT",11.3811684536443,12.398350407305,11.415555301027,11.2332995779553,11.2800479625128,10.7684412656582,10.949757283509,10.9650475704284
"DENND1B",6.40401818425793,5.64147187655943,6.54253816039682,6.62794077851589,7.65169195700775,7.46412903174769,7.69636821962874,7.65718078525811
"FLVCR1",7.16006507645169,7.11460015095294,7.49080844270415,7.34811861630303,7.76534000891242,7.29651404080059,7.96167316051675,7.75366800574957
"SLC7A6",7.8895523941129,7.05431342001269,7.68627197568521,8.05701776076387,10.5867682330423,10.6744182836306,10.5722207159434,10.6130645762163
"WDR90",7.9245851086375,7.58372829987058,7.71290188707662,7.47965806023266,8.40994170882788,8.5101097780648,8.41341674986322,8.66442130495432
"FARSB",11.2443389900072,11.419778235983,11.3720063314531,11.3060217428446,11.691803566687,11.6846056497227,11.6340758233517,11.7299419752302
"MRPL12",10.3447519691386,11.6799353634925,10.1493632234924,10.1275983568198,12.2064091194465,11.8616885312245,11.6508440366107,11.9195496752093
"THEM6",7.33752465938994,7.85567116590251,7.39422048737383,7.47839175075531,10.5585181506073,9.98527823292305,9.87044815983362,10.0850788952217
"TTBK2",6.96846164413668,6.25817838844759,7.07947404969892,6.83219600291529,8.14227504669392,8.14987973757798,8.16946821344001,8.19850329477691
"CEP41",8.10944611339527,7.91866035185144,8.25695197993339,8.20829142656385,8.44774097480168,8.81674089216272,8.54623829017111,8.8564489606549
"NOP56",11.422733485148,11.6655905819837,11.4005994395803,11.3046822461223,11.6380084394506,11.5319176306595,11.4419251608532,11.4888092473181
"BRD9",9.52119730949515,9.64731429446127,9.46066300585003,9.4963970122218,10.268893815613,10.3337069295081,10.1316832201417,10.3620357210858
"RND3",12.2964530571418,12.4411127828046,12.6273422820428,12.4700246118174,12.0417379280332,12.0368881656447,12.1468509628062,12.0951168976946
"NID1",10.8394704115939,9.90950155226413,10.8387745202093,10.845889491149,13.6082793083872,13.9226477627688,13.7812148758916,13.943097040629
"MAOA",6.61898932720368,6.84930958538816,6.92050410855631,6.89547819549125,11.4226865664922,11.3519709693714,11.5145731987174,11.3153111695689
"RAB30",7.35360187637702,6.73322402957411,7.3711217358342,7.53631726131901,8.25385263572359,8.15521034380351,8.34803572489045,8.24431446722019
"TM4SF1",13.1924744433058,13.5563586270597,13.1480187291419,13.0998035387635,12.5885847613891,12.3897612209993,12.4140620935556,12.3923172549586
"ZFYVE9",9.58088287579867,9.18829826851725,9.76434763448979,9.71777997254891,9.61127004124296,9.87421298128253,9.77241264486788,9.75213036240099
"SLC3A2",11.5726506083836,11.8670351274109,11.4787311133306,11.6440894586317,13.5434752277978,13.574664626832,13.472263391599,13.5156141607767
"LUM",8.54745111863603,8.64631504044212,8.73010653395566,8.5033225810539,0,1.87344132049048,0,0
"GADD45A",12.69869442954,12.9920288150251,12.5703092612258,12.6835549122533,12.3705653250106,12.2573591973609,12.4882045010714,12.1973247728345
"EPN1",10.0029484151807,10.4062666214048,9.76865786889475,9.89075759886802,11.2952763958548,11.5155029525622,11.3362610984273,11.3909156771237
"MAGOH",10.6963395279296,11.021222438785,10.4548883359934,10.5699128971946,12.4627834221948,12.3126013642489,12.0323359486031,12.2666390006698
"PNPLA3",11.0231163952219,10.5257361308356,10.8766734242217,10.8351464984943,5.79433347945584,6.22354195732871,6.10840656064994,6.54153063744384
"ADRB2",7.64137462604531,7.61392960904244,6.87318265637295,7.59051985863672,9.65640632101747,9.87558601127863,9.88518883054732,9.69102419542206
"STX16",10.6285818205079,10.5944965897058,10.6135386555373,10.5467282959554,10.7092411135701,10.8522791003162,10.7872900751402,10.7982198552247
"SEC14L1",10.6126702963819,10.1037602501232,10.6187870342224,10.6951729602751,10.9254894300201,11.0389067665516,11.0339049717233,11.0994787291604
"BOP1",11.0978015668064,11.794854025595,11.0328891108985,11.1693303262776,11.1429083368317,11.0144658652953,11.1252813659746,11.1580614938859
"C5orf15",11.898232837346,12.0950540206676,11.9856512714388,11.9281797892639,12.9950871834685,12.9632237930507,13.0407695421197,12.9442734166805
"ANKIB1",10.5955765923553,9.88695829651018,10.7560144452272,10.6188907328942,9.85230807116151,9.94823231244312,9.84026752589544,9.86770192192481
"FBXO32",7.40076362388319,7.38351464757466,7.68071900409093,7.64622076876083,8.79364085740537,8.84701160804752,9.04361596909717,8.98290064159865
"MID1IP1",11.2746235934802,11.428153669914,11.1865220000893,11.2927496984513,11.2349933658877,11.1545514454019,11.2283140611566,11.109235102037
"STC2",15.7322596529269,15.7284976134799,15.6414470098701,15.6885820049751,7.51528642232368,7.53621889724564,7.47982549717722,7.42643506370083
"GBP2",8.84762801277163,9.29008196961788,8.95734572648387,8.94725823197088,11.1547851779389,10.427711575345,10.5514186683455,10.275083101412
"SLC1A5",11.4852976810467,11.8117405946959,11.5003667334705,11.6075108268073,10.6608221050127,10.7463020020981,10.6334636326276,10.8405577066535
"FIGNL1",9.53508533540387,9.13289898789866,9.47332644909178,9.65439623290062,9.65016688334034,9.50262985536247,9.6268836821279,9.55195784345436
"CDCA7L",9.73820924786293,9.26657488809141,9.64520178860089,9.66833610240778,10.082616829146,9.99841931021442,9.94237855018196,10.1698384014975
"ZBTB7B",9.62631014110124,9.72508970824119,9.50093554215869,9.59173026908399,10.0493650602689,10.2519017275949,10.0526941154106,10.1903546458583
"STK38",11.6051237674911,11.4592685861635,11.5246733298832,11.5059359292385,9.89881449975925,10.0420334419888,9.95310744066038,10.1501276783825
"ZNF608",7.63695354773408,7.06053333426902,8.01624849667252,8.32629064477635,7.98605232620104,8.38805721491399,8.18669940011902,8.42629333429554
"USP25",9.29539446995278,9.13563436896084,9.51360576281703,9.41885466051702,10.1619590119383,10.0281047787642,10.0621766460575,10.0576701342825
"RAB35",10.9847283560295,11.0903201511171,10.904514268814,10.9599731734764,10.6005955472847,10.6092000793096,10.6142503350739,10.5165870012217
"WASHC4",10.4169834604681,9.94597470611756,10.7467891191865,10.600071448325,11.3939733394521,11.3084361346328,11.337622500532,11.4236922453591
"FOSB",5.59615420604579,5.15951912361776,4.73090501922625,4.90883365411886,4.91673078970909,5.01519496120653,4.73037040802634,5.09209151325858
"IQCB1",9.33793173578909,9.16059699536492,9.28262449970696,9.26642559317457,8.55367960484032,8.21403516599698,8.58053356329684,8.32828919710812
"TMEM135",8.42808264927925,8.27636493352481,8.52922910216208,8.24586508575776,8.8157065217872,8.71724358167394,9.05346053816056,8.77908663241611
"AGPAT2",10.670591210611,11.7965749048213,10.8442053359541,11.025746463211,10.3517401142566,9.97993819000427,10.1687175664771,10.2609421649421
"ACSL1",10.853268070137,10.548992559138,11.0517656193712,11.0296100592647,8.57774690795522,8.65533706295831,8.56099544502269,8.50106815360765
"LOX",12.8493681395705,12.6110600541827,13.0920637862274,13.0415531564047,15.4094097235293,15.4750949173357,15.6215092641745,15.5421137861263
"SYNPO2",9.08242713386588,8.31994323007703,9.37133854712716,9.13230749577665,8.08365040689604,8.41912570437555,8.12810884082577,8.30558102966408
"PTRH2",9.19527241402719,9.91588587553407,9.03594123106674,8.96470589962771,10.5704889856395,10.4461181915654,10.4430488342149,10.3663231947748
"LSM7",11.4234616376352,12.1929917381573,11.2681858697565,11.23535639247,11.1838091004184,10.9111742284332,11.090440066585,10.922769692683
"EBNA1BP2",11.1118711868297,11.6100535455874,10.9553124057618,11.1486202330668,10.99860122209,11.034856198017,11.0017357842239,11.0514766392223
"GPR157",6.20771456366349,6.48346745637326,6.21793279208487,6.19442145577007,5.93026987420747,6.06353630404986,6.10216783724574,6.54057924866194
"SNRPE",11.9985762301193,12.4625147263055,11.8851621720165,11.9839405706234,12.5133072429671,12.3173363438105,12.0877702703921,12.2957241402061
"PPP1R15B",9.78239101868379,9.31513812690424,10.0287292551461,9.84744350817061,11.4015723837787,11.3611275150638,11.5147105660653,11.4336075807597
"ANKRD46",7.65023708020626,7.05646964263501,7.50327410423374,7.21560643399009,11.2553305809464,11.2144309879449,11.1619482937147,11.1737171588468
"TMTC3",9.66821395439387,8.85520081824636,9.84152309401485,9.87043831122364,9.30189873031973,9.59274347763999,9.27711954735245,9.50312086834005
"NPR3",6.8350872006777,6.33834841445801,6.82991994843567,7.0529265514042,9.25530528106004,9.37427711662588,9.39216868171859,9.49321770687246
"RASGRF1",4.8415874799479,4.70385380162182,4.94146147441947,4.39561535808446,0,0,0,0
"MCFD2",12.8642185197579,12.6963638161304,13.0200360134174,12.9395159263227,12.4907355696534,12.4476014207574,12.3749464527801,12.431200035847
"NSD2",10.2143321086102,9.8392146538912,10.1964331166745,10.2104160239283,9.74030577215839,9.81204791680031,9.76707034851582,9.84190584688086
"PLCB4",10.2050019473135,9.78184443411721,10.1458803706671,10.2534767870735,9.72022446989419,9.77359006236587,9.71331420892727,9.80285446137071
"CD320",10.9469302173342,11.6873312684809,10.6707324769162,10.7168371825714,9.94610799488082,9.77735423226362,9.58437576709601,9.61954585810477
"PCGF3",9.76587678205127,9.61721590905767,9.66213432213539,9.78901278719916,9.84099470847367,9.93390871593152,9.98671292141766,10.0557740717035
"PA2G4",11.6017917759091,11.6756818422837,11.542048025871,11.5347354056203,12.1769083955011,12.1417594736258,12.1830050344929,12.2058079650607
"CTNNAL1",11.1845168835962,11.3985206115257,11.2164729415709,11.3192860056997,7.9431035801531,7.82663213164257,8.06315419954347,8.31084549015294
"MREG",7.07580446578537,7.62049403213402,7.40169652399712,7.0897958431929,6.90866108975285,6.91796256892059,6.92001967599306,7.30177977633102
"HAS2",13.1130719115063,12.7385106342995,13.1876976366306,13.1312354785903,10.3936958625223,10.3922697082468,10.353796375893,10.2775579390599
"GDPD1",3.97841935912824,2.73298931967783,3.64006221508193,0.886267332042381,8.66676709610303,8.44533406481739,8.12690984919725,8.38263994930161
"DENND5B",7.97992684205887,7.32596974412252,8.10736701786509,7.89238422268576,7.56670757934609,7.84798342166138,7.81737892977929,8.0038791714984
"CDS2",8.83730694895743,8.5160691741832,8.84592908895998,8.79582402758248,10.0627868693572,10.3964399362054,10.3974893299866,10.3707729380159
"MOGS",10.8677655493867,10.7399686111445,10.6817503692325,10.808208249133,11.6783827706171,11.5589615181538,11.4799714277825,11.5438872773372
"TRIB3",7.20362748557487,7.59963213068424,7.03983471600696,7.2493820394017,12.8337905779651,12.9359267482794,12.6725807099103,12.6476344993262
"DAAM2",9.86127495884267,9.02427763523971,9.6735185711597,9.76004797488591,8.35281121427687,8.54242491681037,8.54761407338982,8.37025030481512
"CFL2",11.1728981986115,11.1651984706616,11.1483745239196,11.1653992802397,12.7214168932783,12.4905578753325,12.5717777588189,12.6002703694923
"KDSR",9.9873730614775,9.81257537056542,9.96617526228197,9.97691941519668,8.85474572754184,8.61927007989588,8.91802832744474,8.82007801918631
"SIDT2",9.37766029416314,9.39524597026195,9.57330951177748,9.59113009597611,10.9148910077779,11.0472263451769,11.0359566286931,11.1381214864419
"DUSP1",11.834538764804,11.712689341377,11.7736392598408,11.8233445065163,8.87493689053308,8.74619589752454,8.94900964511866,8.72768839221525
"NETO2",9.41862509570586,9.08060947279803,9.32505716939735,9.4675529447381,4.69289879150018,4.1719207893676,4.22448198066022,4.38888219118059
"TRIM65",9.55009854417732,9.89989855839145,9.6263746525558,9.40834314089648,6.15605919476516,5.60489293997309,6.49048952552577,6.1451838809764
"TRAM2",12.9141689815236,12.2262486887776,13.0305757238287,13.019693894239,9.20087237449565,9.34891353169464,9.30512705114177,9.62712273999276
"SLC48A1",6.76955925894231,7.40237661700057,7.23242082489774,7.22883231024265,12.6463565936387,12.4424401685419,12.4472764512617,12.6396281436599
"GOT2",11.6185641185891,11.616848941291,11.5927243893112,11.6098938946676,11.8502070452675,11.784964318505,11.7883163488772,11.7412341802284
"TONSL",8.94671851527961,9.49526067826204,8.71586774123935,8.81815409558624,8.15700498266781,8.29244402452276,8.39637242238269,8.43876650352597
"SIKE1",9.20737340277882,8.83412975238178,9.41031505246517,9.41456282713453,9.11081532394746,9.31215370917901,9.20811622249668,9.35040599610257
"DDX56",10.9770988821378,11.6325089140331,11.1224142264401,11.0548711784468,10.8012387586211,10.8225583050003,10.739556550599,10.9379456125971
"SLC39A9",9.96760550204035,9.6485950517524,10.2592462012791,10.0956516498378,8.9579636304902,9.06511171163605,9.02201197068285,9.06673594735482
"MKNK2",9.98948450605612,9.84791569514086,9.87034690358888,9.90390791280988,11.6507235990314,11.7331143179814,11.5925104234041,11.7455277750108
"BMPR2",10.0843962661275,9.38020413871182,10.4234487676456,10.3275459367998,8.79125453969257,8.86113607205904,9.02474251671092,8.9892640184406
"ATXN1L",9.17046805991325,8.20421939445601,9.0315091602659,9.18514494705216,9.31605120080909,9.33764041917806,9.29612391916042,9.40832964749737
"BYSL",10.6627685703041,11.1771651360258,10.6714541496794,10.7315191840371,9.35658093556142,9.2227671447403,9.12832194768831,9.38209719496895
"ATP6V1G1",12.7588478782075,12.8171481991213,12.6373071645472,12.7109750205982,14.2681918165757,14.1492364060429,14.1894441540416,14.1007226359822
"KCNB1",2.4020752223229,1.36551041202952,3.00757158559277,3.47099324403002,1.12725090856061,0.360470297495116,2.71212122341687,0
"AP3M2",9.18200265113086,9.21960253449988,9.20847256369637,9.30316604544036,8.88232077647834,8.77140652227631,8.5327604916376,8.72908499994955
"RFX3",6.25987972994712,5.39416591245645,5.8810887925314,6.03389013004604,7.04126915488569,7.09116729425002,7.14451602131839,7.13519460313293
"RRP12",9.13446333751236,9.42646623625021,9.23114772299055,9.15480707957473,8.33950388644858,8.66789969637182,8.40541080172514,8.46422450502103
"RTL5",8.83111285760386,8.64385208701125,8.76920902865758,8.61938156653179,7.71169620645046,7.93963162729503,7.79056446576884,7.95443015483017
"ERRFI1",13.9728003363584,13.5853632804188,13.9897202116448,13.9687575729892,12.1111695097364,12.1516259288258,12.0790694749841,12.1438930201507
"NOC2L",11.0984028001613,11.4449275990197,11.0303558657153,11.1000053750957,10.292005921051,10.2234984987697,10.1963738399458,10.2692393530609
"CARS2",10.1233647810698,10.4504132052102,10.0583252345386,10.1173587372954,7.35597456378345,7.57509779690352,7.23272822206969,7.62138672899499
"LTBP2",14.348948576015,13.7448755613754,14.3826127125158,14.3867502353538,10.6041067595512,10.8465700324453,10.7128706027441,10.8329764339626
"GLIS1",7.73608808956585,7.89548191700885,7.73141815638614,7.52933196663133,3.92459746093555,4.43133658785421,4.67250299905298,4.01573063690244
"WASF1",9.43709986359069,9.0338701401409,9.53840941516538,9.36020404708683,8.62846125444627,8.56238585731541,8.51305182893011,8.75311657718763
"CARNMT1",9.38511423608465,9.12349417510674,9.46334833700241,9.45809693699015,9.06756051767067,8.98210541120352,9.0762289000814,8.90523940762344
"RCC1L",11.1251720435852,11.4187033019788,11.0559041316607,11.1773819479398,9.05595257262237,9.26086307192045,9.04519086734255,9.08130101487524
"PLAGL1",8.96494128167643,8.54682139697097,9.30925495797969,8.94103839492024,1.25831414986661,1.80826785553121,1.395991705535,1.99228831103904
"HS1BP3",8.93708065069259,8.9570299478856,8.83456138693738,8.61497185760884,10.4694674695143,10.480200269011,10.3043569764507,10.5007308581468
"GPR35",4.4758406604963,4.93865367012714,3.73002629673557,3.37954473209688,7.29257447078734,7.536343374994,6.98748871105011,7.40476814450873
"NFKB2",9.43322099794744,9.89369997967017,9.46760436839024,9.49127861133623,10.9661003360813,11.0523319293702,11.0267425567787,11.1262334598991
"BMF",6.53545979889932,6.27576951702654,6.77316665005948,6.87739968856126,9.12789050200942,9.3129465664963,9.41418606097673,9.39739509504383
"NDUFAF6",7.56216276267081,7.87077062846058,7.73317743564302,7.86704177995642,9.54261374782194,9.17140521301542,9.35404336781557,9.44378838433447
"PFKL",11.458205533794,11.6644887470263,11.3611443809082,11.3673127401707,12.2136401634198,12.200984937217,12.2601863087558,12.2150989487222
"LSM14B",10.8722353363605,10.7463024944034,10.6959948922073,10.7860790217986,11.2856851002213,11.1968360734433,11.3451896598425,11.3393802426404
"SMARCD2",10.5813426863508,10.82953951723,10.6501911666909,10.6913862617614,11.1881858787214,11.112003749106,10.9331425722717,11.1149936083523
"MXD4",11.0337825780853,11.4406030910929,11.0029461594073,10.8987290720007,10.7249959303027,10.7594373242139,10.6991522565878,10.7795478747337
"SNX5",10.5071158852552,10.6239508971054,10.4540469119941,10.474630454562,12.2892091466716,12.0805856380199,12.2152807084449,12.1319063678703
"AOX1",10.373681256328,10.0337133095511,10.3656996928891,10.4721747360454,8.92875896518694,9.37431655973324,9.07630971222954,9.2926521036679
"FBXO4",8.50276721678709,8.69602499094328,8.43313844677586,8.48707237570348,10.9341175604847,10.9555315728246,10.8080665094226,10.9361933947948
"ZNF442",5.49349898502861,5.26509256494985,5.49406094450631,4.98577755504317,7.88929713869802,7.67342857559714,7.78819858447485,7.34772966886191
"TRMT61A",9.45645207873226,10.4226423297137,9.39719238352759,9.62413988438327,7.69212825216735,7.14695245127249,7.1288835166901,7.52416551219683
"ANKRD42",8.07493556866366,7.66888677692588,7.84140720536975,7.96259889997227,6.35969828757059,6.24453217658272,6.8356725639729,6.26559793927206
"SCRN1",12.5738539485074,12.0540000284244,12.6309245724112,12.697677590886,9.86681672618237,9.79939061306786,9.83637476609304,9.84874531376836
"ERO1A",10.6173866608892,10.5325424452606,10.8885265770616,10.7570127553341,12.712059882528,12.6568322873336,12.5927671755218,12.6887921303894
"TOMM22",11.6005626998323,12.0829594002508,11.5362257182544,11.5464472430759,12.5213058818597,12.1389225922424,12.1646478303833,12.1184199518854
"COL14A1",5.26759452410435,5.20518495057388,6.18094592199314,5.32363016590537,7.59884126020982,7.74429038636406,8.00848756452361,7.84643005712946
"THAP7",9.82112151575693,10.6547472245417,9.50882891021132,9.76789907525555,9.23141265663482,9.36879202140815,9.29865600116503,9.42265515590694
"WASL",10.6556012724071,10.3798648221749,10.6113645893697,10.7440647067762,9.55090420860914,9.46146945183818,9.54103951035882,9.64812428703067
"CYB5R4",8.19994132194872,8.32935989356121,8.2992322773647,8.20813224051651,9.32311710342308,9.20252690096162,9.33097205383171,9.39182507347123
"CSRP1",10.9707970164291,11.099168615248,10.9109106637676,10.9777602432173,14.3458735631909,14.3005890443131,14.2039999135132,14.2599945415967
"MRPL47",11.391855700636,11.9587666550629,11.3157708096986,11.242717624524,8.72606541215235,8.63392223098926,8.83429501986841,8.84608848768186
"MUSK",9.38384165672434,8.48074619489757,9.42093988897607,9.73568221099657,9.32411923654875,9.59919432681455,9.49151672410744,9.68724334015715
"BHLHE41",7.31013925678356,7.45879107154816,7.69068740966447,7.51486431464524,8.37439459557075,8.30341497340633,8.51568035626704,8.21169648842194
"RABGAP1L",6.79488743921811,6.84270517967199,6.82646780760184,6.89554521354231,8.43302997624693,8.4080518191373,8.4902697668187,8.53498542143974
"KCTD20",10.5190476680946,10.0430473100329,10.5567609093301,10.4982821856435,10.0136281915757,10.0240848864224,10.0807432522376,10.022256475967
"TNFSF15",2.93907686468189,2.57572347821323,2.30956316734736,2.75469925610878,7.1356069327933,7.94616558240938,7.56008351702414,7.44574523307342
"LSM6",8.29602337474961,8.51769630480022,8.10889003207533,8.31759434343438,10.2265199745336,9.92511101301499,9.84498675197171,9.9692117418765
"SRM",12.6902685318306,13.2800858995238,12.6379992702217,12.6646193795356,11.3213328379394,11.2466092843088,11.0829860668147,11.2648835907322
"SIX5",6.84868978658356,7.22498469746606,6.45935602149796,6.83760060954306,9.17137201489755,9.09967441644206,8.88897597888837,9.06975972423286
"ABCC10",9.32676642532239,8.81703837064572,9.18948777124685,9.2777957063874,6.79889901155204,7.27261159554588,7.16814839562358,7.37662203523516
"TOR2A",7.81993576970268,7.81867188819523,8.02555742643803,7.22014717093432,9.75305260397634,9.71468524151246,9.44815511489405,9.62989627131738
"LRRC61",0,0,0,0,8.00546115606081,8.19003824072166,8.02514093948137,8.07061499285635
"UQCRC1",12.3941008896681,13.0069401630457,12.3741944696915,12.304223750169,11.8858988319984,11.7052372188092,11.5658896419534,11.6781536290417
"PLAG1",7.77920642711202,7.34285017527912,7.96532356260186,8.09349887315542,5.65476600349154,5.44782669553796,5.49090757903143,5.97143172165057
"UBIAD1",8.75035407274072,8.56799651968043,8.72899974258605,8.86440491036413,9.73217543090407,9.78752892482823,9.73598887698159,9.71380809151634
"NDST1",11.8425151161241,11.3765163938149,11.8996620513451,11.9579091445037,10.3006320104165,10.6965878730952,10.5385057910789,10.6342558391227
"BRAF",6.93221323802064,6.09877716187854,6.96051382945905,7.00841855219116,8.82810102711813,9.11566575346064,8.85710292022276,8.9718461348276
"C9orf50",0,0,0,0,3.42772043887278,4.67588881666565,4.43246021575142,3.75815716702125
"UBE2I",9.78299769437965,9.93912986620897,9.67685853529417,9.81447351495144,12.0981153974668,12.0155703596761,11.9724530200901,12.1032337217212
"ANKRD17",10.38582044589,9.45284238002009,10.5193127600577,10.4787645858939,8.93514766806524,9.38605153675829,9.2167259287164,9.3796336727989
"PSMC5",11.4985337259105,12.1492205408892,11.342998538988,11.3817064265574,12.848681610967,12.6577179731782,12.7546656066586,12.7096486340607
"MAP3K2",9.22801070626069,8.5643433717023,9.5364260526068,9.45595695458732,8.90956214812885,8.89616960951844,9.05812587714464,9.18126063261944
"ECSIT",9.45435007843088,10.242441057739,9.24542348056783,9.20456084971619,8.75356218413534,8.68720687927681,8.65082150681195,9.03239827333401
"ST6GALNAC6",3.1228139520216,2.87224345411982,3.08526230620743,3.02180873529028,10.6859398031033,10.7297123886412,10.5008924086352,10.8077673517839
"SLC38A7",9.41293614343457,9.15102164837925,9.61641081864596,9.43973160861849,9.94741660208936,10.1642466329411,9.94459589243325,10.2086702963506
"PPP1R15A",11.7505470680918,12.0942433424256,11.6157496879215,11.5407862377645,10.0025091116015,10.1136368301637,10.0890032901523,10.0234976533481
"NOL9",9.06731575296469,9.26121397972671,9.08816202736896,9.13021016676388,8.69321190357945,8.80442338875235,8.73171068382602,8.9289290299939
"DISP3",0,0,0,0,0.999027006944441,1.1352887666788,1.11801307742211,0
"E2F6",8.84627716053541,8.90944332240161,8.84167307705252,8.7617695730329,9.12399592788462,9.23809790115585,9.05714196774921,9.12482421366955
"SCRN2",10.6001858483532,11.1655907043373,10.4444778339742,10.5207232487942,9.50606816289014,9.3300585065559,9.17937993079471,9.30920712903989
"NT5DC2",11.3105752571795,11.5711822832241,11.1278007564395,11.1911210712283,12.9066307976311,13.079755616219,13.0301835353244,12.9645123030926
"TTLL12",10.2634164981366,10.1018716616821,10.1478797906972,10.2603442046522,10.94378452196,10.9339502810981,10.7778214787109,10.844723258357
"CAPS2",6.36244203747907,6.24450145261071,6.40957542124155,6.27554787751414,6.72754248386561,6.75119785256578,6.78204859300903,6.74610256411573
"ACADS",8.46853555315737,9.07826945891939,7.93250097445793,8.51350905578013,10.7408545442201,10.5071562545489,10.4695956841256,10.6447457203981
"LONP1",11.0629456933828,11.474366497526,11.0613637048765,11.0581438205351,12.6327134801118,12.7406065152359,12.7196969108568,12.61153100744
"MACF1",10.9944703908626,9.613698389038,11.052049410723,11.1299032610157,9.79745715534628,10.2746883167357,10.062193224812,10.2488218094776
"TANGO2",7.80204805199523,7.7983270641064,7.75667554119246,7.84145605149647,7.97811757959812,8.03312977058571,7.3098232588609,7.98154937411638
"BNIP3L",12.6047872336175,12.6070401878266,12.8306031477471,12.6899346027846,12.5946769275261,12.3020093231688,12.4099221299918,12.5175587370401
"PLEKHG4",3.74040505737658,3.10949070002926,4.14191042119406,2.91324254686887,8.53371726194461,8.51292102907365,8.47878350104135,8.44749554500598
"VEGFB",12.2130258564154,13.126171521659,12.1566773345659,12.1196037302352,10.7932166591396,10.7100164023348,10.4553335614012,10.733373669487
"TBCK",8.45038076394967,7.98508630628304,8.54946124820227,8.55218469322848,7.73207436262438,7.81195101737001,7.7733002864182,7.89739473764158
"PEX11A",7.93280461224028,7.76753437789557,7.55505120334884,7.65278727993837,7.20205971399832,7.49452731645538,7.18330625441339,7.16719631716494
"CYP1B1",6.4987119104156,6.94021581991482,6.83618567669414,6.70137812579837,12.5674639013048,12.5703453094598,12.6303212722602,12.5807674051136
"ZFC3H1",9.51071265527738,8.6778785072079,9.72448057405449,9.57979035942654,11.1410653370579,11.4111521000595,11.3503891215142,11.3638872748876
"PEX14",9.72147346034921,9.81973501483894,9.61770650695309,9.61518050537514,7.98101462738822,8.19053189068953,7.88541171970893,7.80608094282172
"PLA2R1",7.2107046465331,6.50681679861405,6.89595075897278,7.01465917092987,6.37595797985313,6.51068264406045,6.60736588800076,6.73249319511323
"WDR12",9.13181347845905,8.92188594732914,8.9831295927195,9.01777366065956,8.17582660539225,8.10248762243478,7.86323396035435,8.1508333650552
"LAGE3",11.7292855365526,12.5640026178424,11.4201883683976,11.4753743823376,10.5710187252344,10.3882027532576,10.2537919436506,10.2624704731076
"PRKAA1",10.7027650265837,10.1206494052527,10.6455726691871,10.6289431025904,11.8484291662021,11.7757240729898,11.7794457106482,11.8158785275944
"ITFG1",10.0317654648672,9.87953468267355,10.1666646516768,10.0623185971197,10.4118062423519,10.3054525971506,10.3147474054047,10.347152771754
"STEAP1",10.6584568351407,10.5569791190263,10.514568680899,10.4428197420576,13.1516116969712,13.1760697251835,13.0653038853896,12.9587419896469
"METTL16",8.59031878397779,9.0358504474658,8.50316548061138,8.62263183780042,7.81085302333216,7.60201968446085,7.82210860018472,7.73019903384875
"PARVB",8.781545243265,9.11351837202433,8.50040057388769,8.42519943999537,10.2885652871962,10.422297315669,10.3040705597565,10.407705547677
"TGM2",10.0236360319948,9.922828447608,9.96292016504443,10.0496691499393,11.3235462389955,11.5860325234773,11.4721851864664,11.405144702021
"GOLGB1",10.1352097073032,9.47274035457061,10.3924418813429,10.2658853856761,10.2220932688468,10.6616501402797,10.5557025470406,10.7207492562933
"SYNPO",7.86208024142251,7.46820497154802,8.02064917736479,7.70602053927886,9.18184003418864,9.43095312687453,9.46002112185549,9.42525113490491
"KRT80",7.70481133808007,7.62231233944037,7.54143480503895,8.09404950092819,6.65259280325511,7.00578866344536,6.18672906830184,6.84356330929105
"KMT5B",8.70446886930445,8.13864324493405,8.59741774421628,8.66383660605788,8.58759379952526,8.85203790850619,8.70611530630814,8.84991718262454
"SGMS1",8.34705534697888,8.42680720831988,8.58399630378073,8.5548804575206,8.70110479068271,8.71305759398654,8.79565014762813,8.77749961654675
"PDLIM5",10.7685972519431,10.2240123074316,10.9866569500318,10.9075578224594,11.3164772299316,11.5009142627208,11.5868094323931,11.5486218125616
"CIT",9.36835687721802,8.48186574263033,9.37056097590348,9.44090176045763,8.04656128134623,8.30476505465434,8.05845540462504,8.16421061114787
"CLCN3",10.00104088342,9.51449185370215,10.2543579460472,10.2272086902336,8.77356785223523,8.8816005348966,8.61078886969238,8.78125865404955
"ALAS2",3.57986687558956,0,3.83789823300775,0,3.48442570689246,4.41647366267525,4.55854110660038,4.26098942287323
"TNFAIP3",8.41965344768321,7.98849483747506,8.40863488296087,8.20127174273055,8.58214562543951,8.74110234723511,8.93554633259406,8.79237783454651
"FTSJ3",10.5556473290796,10.6934108536677,10.4014553956824,10.4973841371331,10.6092796222238,10.5782725308864,10.4665876773853,10.4503770301563
"TRMT6",9.97962427088748,9.89777236410642,9.91375625900265,10.0324876524503,8.54501965566854,8.42031795186357,8.21819562308713,8.44131364849699
"DDIT3",9.48511551967228,10.3484679238329,9.28087137462466,9.34582293349788,12.4587964821186,12.5106211062271,12.3353806561918,12.373656717129
"TBRG4",10.4499369404516,10.5140394350065,10.3383059205554,10.2789160626933,10.0949399625251,10.1681386954868,9.88563088470752,10.1568006369529
"CDC42EP1",11.5254328380903,11.9550996437841,11.439495615944,11.2844021711117,11.3694819299049,11.538157877471,11.2828526514025,11.4333672914435
"NAA30",9.48455713116679,9.11119531308751,9.28117866487552,9.38452349235707,8.92804586562985,8.78079696946068,8.93314207205077,8.84953592737983
"TRMT1",10.4240136647059,11.0908076678168,10.2686707510179,10.3696240318839,9.92093039965962,9.99828096023606,9.97371480124081,10.0078654191969
"STK32B",5.79058010427775,5.87693153125385,5.80496665264394,5.78013279009939,0.837511527366139,0,0,0
"PRDX6",13.631617569695,13.9997181172393,13.6716450008675,13.5460318262864,11.9855685058069,11.9274427341126,11.894320345992,11.9506508173972
"SHOC2",10.6681244967185,10.3974310513058,10.6880675099038,10.7267724882137,10.6582473422143,10.5804130069711,10.6100131621331,10.6977821386624
"FOXN2",9.13721644558455,8.30491468637986,9.1886826249482,9.19303457091221,9.12905888574728,9.16735776235885,9.24473335305263,9.1398172918428
"CDKN1A",14.9556940552968,15.0827121302304,14.8853491771646,14.8407610547923,11.8597266020373,11.6726715618827,11.659745784162,11.8047867299092
"UBTD2",10.1544702094118,10.028586964952,10.229286654206,10.3588081720956,10.2031117366539,10.372101932665,10.7681084577501,10.4383752959057
"ADIPOR1",11.5186697112558,11.4698051187321,11.6677026960584,11.5910283367705,11.92089893886,11.9233699935249,11.7302484802321,11.8844542802435
"NPC1L1",0,0,0,0,1.78107687819359,3.48795798110636,4.44007190296745,2.63548727863077
"TRAF4",9.94284440698699,10.1918186732633,9.70396467832962,9.97509166081145,10.2510712963519,10.187173642727,10.0939826594235,10.2311593936214
"CEP112",8.82484877783068,8.81551469514728,8.9319907532619,8.78293527426304,7.60011228188198,7.63680239872282,7.65030442154254,7.84038785246268
"AP1G2",6.25619540552511,6.97099358049747,6.3659246216119,6.77964905115255,7.90598960042223,8.01708244767595,7.96780955874913,7.7964509204922
"BCAT1",9.68066030503548,9.3857186674656,9.8466960179728,9.88075000421528,11.0860024225242,11.1380733975018,11.0551640121774,11.032080741137
"SSBP4",9.68930289534372,10.3129310534265,9.54733132122349,9.57812572148801,10.5241640476019,10.4496514908976,10.3027664384768,10.3617925749147
"COQ3",9.03960838287759,9.46493582293311,8.93544059658992,8.77555708869692,9.77682116539667,9.79399086380435,9.92579054084993,9.92828432523109
"SUSD1",8.88682441051097,8.82285251658308,8.86556108033501,8.80138823799234,6.81176037744394,7.04835214214468,6.80854339636339,6.49478750418905
"VGLL3",10.3581966627928,9.22677641922511,10.507575573032,10.3224643066695,10.1158279883013,10.2325960108195,10.3669255330407,10.334361279636
"PRMT7",8.51197811374608,9.08207884064894,8.57439331232452,8.54679727540199,9.87006122175348,9.85777398084648,9.79074457259615,9.92066488572834
"SGK3",7.57802119748123,7.348291926112,7.78550122668628,7.88074939747296,5.1229959425781,4.38012045401543,4.91631084301912,4.76778390653168
"KNTC1",8.56943183381719,7.97489241754392,8.54361753396503,8.57201706291342,10.2908810036186,10.483679824541,10.4394295683054,10.4345102783695
"PPP3CA",10.9155157611666,10.6054629580455,10.9869471465387,11.0785162996411,11.2495159939555,11.1980321931144,11.4599362086073,11.1593715644736
"KLF16",10.207082041256,10.3243012465018,10.0736898087678,9.95890267008622,9.0420699735752,9.06371379428053,9.12113440505626,8.76260590682228
"HDAC5",12.2971266193593,12.7909493478994,12.3175913557123,12.2986660930602,9.90358545602781,9.97970402191842,10.0238320443926,9.9577076621287
"GSTO1",13.0140330029632,13.8711550616639,12.9685263925194,13.0054869390505,11.5190789769559,11.2901496607389,11.3621746356217,11.4151911837747
"LMO7",12.2680206739728,11.8445149006422,12.2824780972664,12.2381110704773,8.94632849301806,9.28582832875593,9.17893540347017,9.14070347894122
"SMYD1",0,3.422896267617,3.44251074539402,3.70606554954156,4.95098110470103,4.1290923717995,4.21260361145491,3.31696770815838
"CDV3",12.9369196786435,12.7358627853832,12.9760616052168,12.9718743222388,11.0547297730233,10.9767588813434,11.1148505789739,10.9419910492504
"PSTPIP1",0,0,0,0,6.83256210402695,6.42858597754773,6.72697404816666,6.38980340857547
"MAP9",7.47483606115423,7.25586696692098,7.64148779576173,7.59267736709957,7.67060697561607,7.29395998631656,7.49422240097591,7.53266385425964
"PTAR1",9.56577992664199,8.69577898179651,9.68782021868853,9.69808979001648,8.72851813775724,8.93886489421498,8.88062706199272,8.90507366200442
"ENTPD6",10.3477127069647,10.429695940443,10.1501997644042,10.1385674548984,8.4218404519571,8.57762934015694,8.45264474620735,8.46516820565317
"NIP7",10.0282600536482,10.0699307630464,9.95225825013266,9.9443032005649,9.73353326652344,9.54883245834034,9.45969482299108,9.43673460418745
"TNFRSF13C",2.44538233403649,3.449515887924,3.26832481693684,1.83004761317362,3.53980129281232,1.37417111474317,2.85391523907179,3.62903013875282
"CTU2",8.50570840745558,9.13707617370493,8.40296666952324,8.24545521278117,7.60289719741959,7.87428189298749,7.74207263783818,7.91049392900385
